Recency,Frequency,Monetary
325,1,1.0
2,51,935.6100000000001
75,10,703.36
18,19,372.71999999999997
310,3,65.4
36,37,288.94
204,1,19.9
232,22,406.91
214,4,183.0
22,17,603.4599999999999
33,42,1973.3700000000003
1,4,121.98
7,78,1413.6600000000003
52,27,547.1800000000001
287,1,23.4
3,82,1410.8299999999995
109,2,30.6
7,28,420.31000000000006
291,4,62.7
4,3,47.4
51,55,1221.0600000000004
59,17,377.25000000000006
71,16,385.2
311,4,112.7
25,17,406.2200000000001
10,5,129.1
315,25,623.4200000000001
129,60,1111.8100000000004
81,12,232.25000000000006
21,35,653.2099999999999
4,30,710.4499999999999
184,20,322.73999999999995
28,9,126.44000000000001
337,2,87.8
15,26,706.5800000000002
79,14,244.61
21,27,155.54999999999998
72,23,571.75
63,5,228.84
19,54,963.0100000000001
35,34,790.71
45,23,594.3
119,13,255.56000000000003
303,1,15.0
323,2,21.599999999999998
49,1,83.0
148,16,379.9499999999999
22,35,822.53
49,22,555.7600000000001
32,34,874.1500000000001
78,35,3894.1399999999994
301,6,92.85
74,19,369.59000000000003
236,12,212.25000000000006
217,2,49.050000000000004
24,248,38518.779999999984
3,63,1171.86
112,10,208.69
63,5,102.96999999999998
15,18,263.84999999999997
95,9,155.20000000000002
1,35,575.9
162,5,133.8
78,7,112.19999999999999
194,7,125.68
21,10,261.44
25,78,2666.7200000000003
9,28,992.5600000000001
43,4,78.75999999999999
60,71,1992.3200000000002
42,38,1273.9699999999998
1,136,3965.8699999999994
84,19,267.3
79,7,1372.94
99,4,141.48
1,73,1749.3800000000008
14,34,998.56
366,4,61.2
3,4,54.96
21,57,1354.03
22,1,17.4
57,25,405.82
243,8,131.17
44,5,61.03
22,73,1443.8800000000003
156,3,111.3
10,102,2469.9700000000003
16,9,167.82
134,15,263.7900000000001
53,14,152.19999999999996
73,26,678.4599999999999
44,53,1275.87
86,22,394.75
71,10,294.59999999999997
154,10,220.58000000000004
2,16,215.97000000000003
46,21,332.55
10,5,220.55
7,15,229.39
143,14,308.20000000000005
2,138,5510.09
31,118,1862.119999999999
29,61,1069.4200000000003
17,146,2201.0100000000007
53,9,221.2
1,84,2550.21
22,83,4217.08
3,10,180.68
11,6,124.39999999999999
28,52,1022.2999999999998
22,69,1758.5800000000004
17,26,641.9300000000001
35,92,1026.98
9,13,278.81
336,4,78.9
5,66,1393.92
38,9,188.45000000000002
63,5,75.60000000000001
165,9,178.01
15,23,330.6000000000001
81,4,345.0
21,8,152.4
23,21,1784.3799999999999
315,50,678.4200000000002
95,40,815.6200000000003
337,1,1.0
18,6,1.0
301,1,1.0
232,7,24.150000000000002
134,7,538.6700000000001
26,23,112.97
284,1,8.5
142,11,278.9
66,12,54.61
112,6,75.14
267,17,295.99999999999994
353,7,226.54999999999998
77,7,369.68
28,91,823.0899999999997
1,51,765.8400000000005
63,7,110.2
79,44,780.6600000000002
142,10,139.19
39,3,39.7
1,33,475.61
9,55,1671.9499999999996
1,31,539.1500000000001
294,3,76.60000000000001
9,23,455.8
59,25,651.5199999999999
14,6,59.81
30,5,91.35
130,14,206.75
91,8,162.15
7,78,1.0
29,7,137.78
22,93,2050.7500000000005
19,145,4097.1399999999985
29,15,315.34999999999997
29,4,34.5
75,9,300.05
46,18,351.18
280,5,139.0
166,1,17.4
79,19,404.73
357,3,48.5
39,7,123.95
8,56,1092.3999999999994
50,35,171.91
158,9,2840.8599999999997
1,6,50.8
319,5,89.60000000000001
5,20,459.51000000000005
302,4,60.3
8,55,1358.6799999999998
261,5,128.25
288,4,53.22
86,14,275.6700000000001
22,150,3111.340000000002
2,49,1145.41
39,11,163.56
8,21,323.15000000000003
227,13,80.47000000000001
315,3,58.4
35,27,400.59000000000003
35,40,89.19000000000001
21,32,581.41
73,11,127.45
246,4,47.099999999999994
39,6,78.39999999999999
238,8,141.52
2,89,2261.1800000000003
3,48,582.3599999999998
234,31,537.52
17,2,32.580000000000005
39,4,82.75
28,15,245.79000000000002
190,18,2452.16
317,6,89.45
92,3,99.0
108,9,179.0
37,49,1319.82
51,5,219.22
19,80,1190.54
9,32,656.58
29,19,332.15999999999997
28,20,855.1400000000001
189,9,180.92000000000002
58,4,48.620000000000005
21,1,613.1999999999999
79,7,114.03999999999999
58,50,49.94999999999999
78,20,435.27
22,37,638.0999999999999
52,16,286.84
57,6,159.10000000000002
31,48,984.7900000000003
277,7,119.85
2,43,1030.0600000000004
95,14,210.35000000000002
29,11,116.04
21,1,14.850000000000001
16,33,1641.44
14,37,517.5800000000002
1,134,3878.550000000003
232,2,29.999999999999996
276,10,174.2
106,9,128.48000000000002
211,32,801.0800000000002
23,96,1797.33
10,61,1156.0000000000002
4,16,324.34999999999997
9,15,365.03999999999996
57,6,266.9
58,39,938.5200000000001
89,37,627.81
67,119,1762.4800000000002
33,9,123.55000000000001
238,5,104.39999999999999
23,12,344.70000000000005
115,4,65.3
25,12,215.18
128,7,787.38
129,12,188.98999999999998
33,16,455.36
4,12,360.27
22,28,607.63
154,4,54.60000000000001
107,13,211.39999999999998
3,8,142.44
334,4,55.50000000000001
322,9,112.5
148,13,541.2599999999999
10,13,208.18
17,40,1152.1399999999999
11,19,362.40999999999997
18,9,188.56000000000003
11,3,60.900000000000006
1,86,1443.5899999999997
8,13,1494.0799999999997
324,1,15.0
359,1,1.0
58,6,87.91999999999999
7,57,1350.1500000000003
150,31,1589.1699999999996
10,26,787.8899999999999
329,5,74.1
5,13,216.55999999999997
38,22,564.5600000000001
24,16,397.42
42,48,3875.9199999999987
52,15,277.44000000000005
1,15,269.19
14,197,4003.05
3,154,3238.3700000000026
4,115,2145.86
7,32,855.38
28,51,932.2400000000001
371,1,15.0
113,48,1360.63
25,14,219.9
205,5,106.60000000000001
58,13,336.2
127,12,294.65000000000003
70,10,288.84999999999997
7,9,139.65
28,15,375.16
7,92,1483.2299999999993
79,16,228.98999999999995
19,4,78.0
64,4,18.65
7,33,792.7999999999998
15,90,1910.4
291,13,286.74
29,53,752.3
15,75,2768.24
96,22,271.4099999999999
28,36,1014.1000000000003
1,15,406.2
9,68,1225.0
106,8,165.8
3,18,238.21999999999997
151,15,395.96000000000004
71,7,100.64
5,11,172.04999999999998
2,102,1811.5500000000002
31,55,878.8400000000001
85,11,158.91
3,25,352.0600000000001
5,17,334.06
371,6,135.2
28,38,703.54
10,32,1086.9599999999998
71,9,141.78
113,7,118.33000000000001
23,91,6070.899999999998
179,5,126.72
234,10,137.45000000000002
352,2,55.199999999999996
315,13,176.48999999999998
332,1,50.4
372,5,67.2
99,13,279.09999999999997
63,8,126.0
134,39,149.49
51,65,8349.830000000002
2,28,1305.82
1,1342,11213.070000000029
3,58,922.08
128,5,90.4
81,14,888.2800000000001
22,62,5112.02
235,20,493.55999999999995
249,1,1.0
86,1,10.08
15,115,1308.1200000000003
116,33,1003.8100000000001
52,31,479.76
7,23,563.96
138,3,107.34
316,16,412.58000000000004
3,98,2089.270000000001
238,10,361.89
210,5,578.5899999999999
59,17,358.66
17,22,427.0599999999999
19,11,183.09999999999997
37,48,1182.97
63,7,128.41
4,39,797.1999999999998
2,25,125.17000000000006
15,18,146.5
364,6,105.45
192,2,36.8
65,1,39.95
192,7,98.12
256,9,176.84999999999997
334,7,131.25
53,9,156.22000000000003
18,6,178.5
360,2,0.14999999999999858
170,1,515.52
183,11,152.78
36,10,158.25
168,5,74.2
261,6,112.9
44,7,109.7
147,16,301.40999999999997
95,9,154.0
281,3,126.03999999999999
178,7,243.45
3,24,389.1499999999999
214,2,27.2
70,17,319.65000000000003
74,4,1530.0
59,6,90.0
2,29,488.35
32,3,44.85
2,11,141.13
336,1,79.9
37,16,3370.32
262,3,76.75
32,7,100.25
145,12,197.51999999999998
282,5,90.4
59,52,652.8900000000001
173,3,50.25
33,33,217.52999999999994
2,88,1623.0599999999995
143,35,824.9999999999999
4,133,1258.340000000001
70,9,358.14000000000004
159,32,517.8299999999999
29,11,51.970000000000006
268,6,223.2
22,26,247.52999999999997
31,13,210.64
96,15,57.42
290,10,108.64999999999999
107,26,621.89
78,36,488.51
7,109,730.0800000000002
210,11,249.1
52,4,417.2
138,1,17.4
26,28,428.78
283,14,287.15
26,177,1290.5399999999995
185,28,371.26
326,18,192.25000000000006
57,23,645.6599999999999
3,42,438.96
18,18,270.65
78,4,61.60000000000001
9,4,345.59999999999997
24,12,206.60000000000002
88,5,261.25
63,25,371.96999999999997
67,31,416.84
214,3,247.56
24,26,143.12
30,10,54.570000000000014
42,8,139.9
204,2,87.7
10,26,3886.07
264,5,61.730000000000004
18,22,127.87
11,23,726.1100000000001
312,2,1.0
77,26,520.94
64,13,466.61999999999995
2,8,452.88
4,12,464.52000000000004
148,4,68.9
138,26,679.4
128,1,297.0
8,18,578.8000000000001
17,8,34.39
9,221,5143.7
161,9,117.74
64,6,26.010000000000005
88,6,152.39
4,12,189.94000000000003
45,23,478.08000000000004
78,8,126.70000000000002
21,27,10129.98
24,35,155.04
2,41,650.12
17,17,218.61
15,37,480.99
25,4,46.74
64,10,2557.8799999999997
54,25,264.38000000000005
131,27,252.37
35,9,162.08
288,7,128.55
143,30,407.84
16,35,623.5100000000001
30,73,1366.0100000000004
2,10,881.4
8,17,291.94
5,21,370.05
9,5,85.95
1,50,1441.0599999999997
306,3,17.35
9,69,1175.3899999999999
113,1,23.4
8,30,554.7900000000001
89,37,295.89000000000004
9,5,76.28
3,11,743.0999999999998
112,2,71.14999999999999
7,49,128.15
3,80,2832.849999999999
197,2,29.650000000000002
211,9,270.04
156,3,8.27
155,9,1990.5299999999997
29,6,149.72
239,15,180.53000000000003
18,1,30.0
1,26,433.81
73,14,232.4
292,43,287.15
8,26,2425.06
31,3,81.9
23,9,152.54
207,4,53.699999999999996
4,21,270.29999999999995
85,1,135.0
22,24,425.1499999999999
196,7,148.5
106,14,300.59000000000003
4,104,3527.41
318,1,9.95
105,3,92.7
11,117,1574.3600000000004
173,9,182.8
323,5,0.9600000000000009
372,2,35.550000000000004
9,31,345.88
1,73,1702.1599999999999
2,29,749.4500000000002
53,54,914.5000000000002
73,20,338.75000000000006
16,146,2362.250000000001
4,42,787.1099999999999
64,11,210.48999999999998
1,16,245.94
113,9,1920.0
22,13,185.75
30,5,729.5999999999999
11,30,192.75
52,16,260.71000000000004
357,3,54.35
54,11,163.96
57,8,145.35000000000002
138,13,264.15000000000003
183,8,264.4
8,10,138.11
273,4,259.36
291,12,216.10000000000002
99,10,138.48
30,7,121.33
31,68,991.8700000000002
14,39,523.8899999999999
64,4,198.60000000000002
14,119,1683.269999999999
212,6,136.20000000000002
64,31,440.64
58,2,57.45
249,3,57.10000000000001
253,5,121.67999999999999
72,3,111.51
191,2,153.0
12,26,446.5499999999999
373,3,59.099999999999994
24,17,156.85
82,3,11.9
1,144,780.7699999999998
192,3,62.400000000000006
266,3,80.10000000000001
129,7,208.8
1,38,159.8
1,114,4186.599999999999
4,1,30.0
179,3,27.72
11,304,7715.939999999994
126,27,828.7500000000001
4,5,114.95000000000002
157,9,130.58
4,553,16438.770000000015
8,44,2287.2100000000005
28,5,99.6
70,7,100.5
275,54,2309.16
21,5,378.42
70,2,24.36
32,123,1355.67
1,188,9414.140000000005
234,3,49.74
1,85,1696.8099999999997
39,1,41.7
46,4,248.16000000000003
133,1,76.5
44,20,463.9
372,4,198.0
51,16,290.19
31,41,411.41999999999996
1,81,4507.870000000002
11,42,660.61
138,9,163.92999999999995
21,22,315.26000000000005
19,24,393.04
269,14,41.57
240,13,236.48000000000002
89,74,1254.8100000000002
4,37,502.17999999999995
77,6,106.60000000000001
23,17,352.5
261,1,17.0
273,3,42.35
72,31,494.98
50,42,792.9899999999998
10,213,1169.9300000000003
22,17,263.60999999999996
16,41,1231.96
108,13,119.00000000000001
84,29,529.85
19,6,96.25999999999999
332,1,63.75
86,2,291.25
26,7,67.8
43,1,118.80000000000001
29,91,689.8000000000003
14,27,588.4
203,21,344.05
5,4,87.08000000000001
144,1,1.0
33,29,265.98
49,19,289.18
94,26,406.66999999999996
8,36,503.30999999999995
22,2,60.89999999999999
313,2,32.1
122,32,686.6899999999999
46,10,230.68000000000004
283,11,103.0
18,17,178.13
36,42,375.5999999999999
63,5,227.10000000000002
26,11,41.39
49,14,98.14
4,12,89.15
16,91,690.9600000000003
46,19,143.32999999999998
64,4,70.35
26,78,1809.6999999999991
7,21,860.18
14,64,708.27
39,28,448.32
337,14,107.73999999999998
11,1,99.60000000000001
18,10,86.43999999999998
95,20,316.01
61,9,37.05
11,33,555.9300000000002
10,63,911.5400000000002
3,34,2088.879999999999
19,11,258.48
9,23,337.98
15,2,61.5
59,49,431.13
30,103,1950.9799999999998
93,9,151.34000000000003
10,13,420.7300000000001
19,43,233.74999999999994
56,25,441.95000000000005
267,1,69.12
131,2,242.92000000000002
127,1,5.88
78,7,281.85
240,19,191.79
200,2,32.4
60,38,611.9300000000001
3,11,1940.1599999999999
273,5,43.4
201,3,69.0
81,1,179.0
225,3,51.6
4,180,822.2999999999998
12,71,462.95
74,10,157.68
212,18,281.78000000000003
24,8,150.16000000000003
11,8,117.39999999999999
261,5,49.08
96,30,299.65000000000003
112,3,62.400000000000006
203,15,141.01
92,9,36.8
50,7,194.05
18,50,707.8799999999998
22,7,130.5
124,5,91.05
92,6,332.91
156,12,288.92
373,1,17.700000000000003
11,13,268.14
61,19,60.76
61,3,112.19999999999999
285,4,438.6
263,6,84.28
1,476,2201.1700000000023
53,27,760.9799999999999
11,53,1009.7300000000002
2,76,1463.8899999999999
17,138,962.4100000000001
1,82,1569.3399999999997
366,1,590.0
37,33,80.07000000000001
31,5,77.45
113,2,5.82
63,12,216.10000000000002
15,3,76.4
40,11,104.31
78,3,47.36
122,24,256.92999999999995
18,7,169.10000000000002
59,3,42.36
330,1,15.299999999999999
23,56,759.9499999999999
155,10,47.42
38,12,244.0
189,13,203.0
359,2,45.0
137,2,21.0
7,21,675.2800000000001
268,1,17.700000000000003
164,10,175.60000000000002
103,25,166.41
155,1,63.75
351,9,126.17999999999999
4,28,774.99
120,1,15.0
22,22,486.36999999999995
7,32,429.74
28,30,431.96999999999997
4,7,211.62
22,29,594.8999999999999
1,18,148.54
37,21,1460.0
64,40,701.9099999999999
1,6,134.22
5,150,3135.5700000000006
78,34,424.19
86,2,38.1
17,10,107.75999999999999
3,5,133.0
32,26,2049.8
81,6,176.3
38,27,777.1500000000002
316,7,569.3999999999999
31,6,294.71999999999997
92,15,367.58
14,8,136.62
82,69,926.04
77,17,284.46
154,8,210.45000000000002
200,20,300.31
45,33,2409.8
260,15,307.0
172,9,152.35
67,31,565.2400000000001
276,8,144.7
70,1,45.0
64,1,17.700000000000003
10,3,86.60000000000001
16,14,251.85000000000002
66,4,87.8
60,4,62.99999999999999
71,16,221.09999999999997
122,11,193.05
80,12,225.13
257,24,206.04999999999998
268,8,119.58
63,8,168.46
3,54,979.8199999999997
17,22,338.61
66,7,1.0
8,34,566.4599999999999
256,9,192.68
354,7,115.68
366,11,174.25000000000003
89,9,134.61
60,41,978.4300000000002
81,9,145.45999999999998
99,17,322.21
26,25,100.84
21,49,948.8600000000001
280,7,109.22
30,45,973.5300000000001
329,13,201.55
131,9,164.54
11,15,243.60999999999999
74,5,229.79999999999998
1,47,674.15
185,7,103.82000000000001
21,18,434.2300000000001
72,13,570.82
192,8,124.97999999999998
127,11,198.58999999999997
1,6,113.78
204,7,201.8
1,162,9109.140000000003
24,9,375.92
107,7,125.0
133,2,400.08
43,10,358.1
4,8,198.7
11,100,1770.8499999999997
63,4,65.86
149,3,36.0
40,31,563.92
64,33,687.0499999999998
108,16,437.54
1,44,969.11
19,14,283.58000000000004
10,18,54.040000000000006
10,22,320.07
18,13,128.9
67,14,359.56
74,4,278.40000000000003
5,27,914.7100000000002
1,5,82.14999999999999
14,47,984.02
255,23,106.61000000000004
91,7,166.08000000000004
23,20,322.83
16,53,928.74
23,6,101.97999999999999
26,23,641.2799999999999
26,144,977.7299999999999
270,1,295.0
165,9,190.98
24,14,160.94
17,17,606.08
7,99,2256.69
29,5,54.3
38,7,487.19999999999993
183,3,23.55
58,15,252.91
184,6,122.7
10,30,416.55999999999995
7,90,1535.3600000000006
99,4,66.0
5,81,760.5899999999998
60,9,178.95000000000002
236,21,52.23000000000002
191,27,539.02
178,25,551.27
37,26,433.1299999999999
200,4,124.29999999999998
45,32,480.47000000000014
232,5,90.53
65,4,40.56
241,2,31.8
233,4,73.30000000000001
78,23,363.5999999999999
57,13,214.10000000000002
17,139,3028.830000000001
294,2,22.8
147,31,468.42
136,17,395.53999999999996
275,3,209.18
311,5,109.05000000000001
7,17,682.15
10,9,136.17000000000002
282,4,82.2
17,12,215.84
23,21,309.5
242,14,226.81
16,7,94.38
71,7,77.7
64,7,77.58000000000001
67,80,1574.4500000000005
316,10,181.57
3,45,670.1500000000002
243,3,45.6
8,16,421.59999999999997
1,38,589.6799999999998
260,6,94.87
126,2,39.599999999999994
73,2,81.4
72,19,274.23999999999995
21,11,328.94999999999993
59,49,770.92
85,10,168.06
78,2,26.75
58,23,987.32
1,113,306.20999999999975
30,2,41.1
33,56,1424.2600000000002
40,4,102.47999999999999
14,1,23.9
33,73,746.7799999999999
78,4,130.89999999999998
205,9,199.34999999999997
33,19,43.44000000000001
182,23,76.29000000000002
2,114,1872.5999999999995
1,54,1227.04
43,7,350.40000000000003
85,12,171.45000000000002
39,36,113.22
12,29,198.00000000000003
96,38,223.92999999999998
25,15,275.95
319,2,35.7
66,30,858.0800000000002
73,34,1097.3799999999999
28,6,110.28
5,46,152.28000000000003
7,7,38.85000000000001
215,4,100.72999999999999
81,21,474.51000000000005
84,15,376.25
144,21,1.0
19,9,59.42
40,59,295.4200000000001
173,10,33.349999999999994
17,38,142.59000000000003
243,8,86.85000000000001
12,107,665.52
205,7,356.4
50,8,112.55000000000001
23,12,211.40000000000003
10,47,2338.2799999999993
25,27,483.65
14,6,112.85
309,4,34.0
155,20,289.41999999999996
306,6,54.650000000000006
63,5,356.6
15,60,851.7699999999999
14,11,207.6
11,26,715.0799999999999
64,13,283.15
213,4,64.41999999999999
108,35,581.2999999999998
52,8,89.85000000000001
5,51,218.17999999999995
47,8,32.75
8,93,1974.8499999999997
312,7,90.55000000000001
45,29,167.62
64,10,189.94000000000003
26,7,49.96
243,10,39.85
40,28,130.14000000000001
12,75,343.65999999999985
89,20,323.12
24,61,440.40000000000003
318,9,160.98
40,9,103.56
173,3,19.560000000000002
116,6,92.47999999999999
30,24,174.25999999999996
252,7,90.46000000000001
59,28,344.8500000000001
30,18,2624.77
5,22,648.88
99,5,493.85
24,43,606.3799999999999
33,59,488.5200000000001
67,25,401.91999999999996
36,18,257.37
52,37,298.81
15,2,24.36
74,14,218.64
215,17,75.73000000000002
31,8,164.30000000000004
16,55,1028.2400000000002
120,1,30.599999999999998
9,31,765.3999999999999
256,5,47.0
16,32,704.46
39,2,33.3
45,24,441.14000000000004
43,44,718.73
114,10,105.46000000000001
164,21,160.94
10,5,160.8
9,32,678.25
197,25,376.97999999999996
85,23,320.12
179,7,111.68
60,5,41.0
149,25,82.43000000000002
2,142,1447.7600000000007
50,3,70.2
75,5,65.16
301,5,1.0
18,20,113.30000000000004
151,6,134.04000000000002
151,5,71.96000000000001
1,71,194.0499999999998
17,20,310.69000000000005
187,1,17.0
285,11,22.779999999999998
2,16,2067.05
182,2,19.0
59,2,45.8
24,20,393.2799999999999
325,1,1.0
3,161,16247.539999999986
31,19,441.59000000000003
38,3,32.16
155,2,47.7
26,56,673.4700000000001
318,1,99.5
5,46,726.6
7,6,117.10000000000001
302,8,147.47
267,14,283.01
271,16,89.31
3,111,2036.6100000000006
31,3,44.16
218,2,39.9
246,1,36.0
281,31,350.44
269,5,36.629999999999995
32,25,387.2300000000001
246,5,78.15
15,22,395.67999999999995
116,10,223.7
36,10,179.68
131,22,676.4599999999999
217,2,43.45
49,30,414.9
38,13,438.85999999999996
28,4,59.58
36,15,215.17999999999998
135,15,280.3399999999999
219,10,169.89
28,11,176.70000000000002
24,65,887.1500000000002
5,47,196.85
200,10,96.44
18,2,125.10000000000001
240,3,36.48
71,9,177.85000000000002
16,95,980.48
2,12,381.3599999999999
95,26,434.58000000000004
162,6,81.72
95,7,205.97999999999996
53,10,808.58
288,2,77.4
124,30,474.03
287,14,278.86
151,5,141.9
3,108,665.19
2,56,1852.31
11,36,1068.8000000000002
71,7,268.72
54,21,77.32999999999998
50,14,188.50000000000003
204,5,181.2
63,4,376.94
70,52,353.11
2,122,5627.370000000001
2,49,914.4300000000001
64,27,520.3299999999999
33,48,293.59000000000003
81,5,87.30000000000001
8,60,7482.49
103,1,14.75
7,18,159.72
250,6,37.400000000000006
12,28,199.74
57,8,838.44
367,3,71.4
75,11,151.51000000000002
4,17,138.14
43,7,841.3
66,1,10.2
1,117,9834.330000000002
116,12,220.38000000000002
309,9,135.9
66,10,139.75000000000003
138,18,1453.6799999999998
255,4,60.3
30,49,951.45
52,6,426.92
63,3,72.2
367,1,15.0
5,26,482.32
305,4,36.55
28,13,215.62000000000006
183,4,77.25
42,10,140.86
39,17,283.05
56,19,573.6499999999999
22,42,1044.97
23,9,192.75000000000003
29,5,79.56
301,13,402.7
144,16,95.11000000000001
5,28,161.34
18,12,366.90000000000003
32,10,553.45
176,2,30.6
57,27,130.81
22,5,65.43
16,28,748.5900000000001
19,2,34.8
159,9,98.75
52,12,197.07
211,5,93.5
5,49,219.29999999999995
58,64,1036.7599999999998
11,2,40.599999999999994
64,4,159.66
24,21,337.4500000000001
92,4,775.0
51,29,414.56999999999994
129,28,489.19999999999993
95,21,1240.62
57,5,219.74
8,35,2694.89
168,4,70.1
326,5,22.21
1,23,372.64
18,41,591.5
245,6,63.160000000000004
136,8,147.92
74,2,36.400000000000006
31,17,256.56
38,11,175.04
123,103,1081.7599999999998
2,29,726.8800000000001
22,102,1914.3100000000002
119,7,136.7
358,3,48.6
53,20,502.58
63,1,23.8
54,10,362.68000000000006
21,53,985.0900000000004
3,50,5502.650000000001
2,24,429.5599999999999
1,34,568.05
7,14,160.75
189,11,228.0
71,4,62.3
204,3,55.260000000000005
119,9,153.16
92,3,55.3
1,33,504.7900000000001
52,8,184.54999999999998
297,4,77.2
22,13,123.44999999999999
28,43,1082.46
50,4,58.3
16,6,99.32
183,13,187.12000000000003
72,28,546.9900000000001
37,7,73.74
79,32,678.93
57,50,964.9399999999998
11,13,215.13000000000005
49,9,147.68
49,10,294.52
53,9,78.85
351,3,73.69999999999999
53,6,119.24000000000001
1,37,383.80999999999995
113,10,89.05
23,4,78.9
74,7,145.7
10,7,97.95
169,4,315.49999999999994
57,4,73.2
85,16,263.32000000000005
294,2,45.55
109,7,204.09000000000003
263,5,101.89999999999999
171,7,67.48
169,2,48.0
35,3,36.44
23,16,152.91000000000003
17,16,297.25
21,17,1667.31
79,2,13.98
2,39,646.7900000000001
11,18,353.14
176,14,279.98
211,45,958.1510000000001
7,9,2302.92
1,12,186.59
154,5,82.65
5,33,228.57
79,30,147.17000000000002
21,5,74.46
245,1,12.600000000000001
308,8,159.35
145,1,35.7
7,197,3064.9100000000003
18,49,738.5799999999998
70,6,60.769999999999996
287,3,44.75
49,7,110.06000000000002
31,87,559.5899999999998
206,5,225.66000000000003
45,4,27.41
73,21,335.64000000000004
60,5,117.08
39,41,584.09
29,35,947.41
26,4,145.09999999999997
4,110,2146.89
17,3,32.71
19,82,1349.2900000000002
65,12,247.89999999999998
213,2,50.550000000000004
12,24,172.77
32,43,944.19
3,50,845.8900000000002
15,21,372.71000000000004
10,62,1051.65
211,4,146.4
45,15,969.6899999999999
134,19,213.52000000000007
43,51,1239.1499999999999
9,30,1565.8800000000006
115,9,234.42000000000002
198,9,108.36
277,3,102.3
110,10,138.60000000000002
77,11,110.58000000000001
52,8,379.5
154,46,1315.1799999999996
46,21,429.47
16,16,268.4799999999999
155,7,270.45
225,8,114.24000000000002
7,10,231.13000000000002
121,7,147.95
60,1,9.9
63,8,294.1
18,79,876.9299999999998
7,80,4491.89
2,52,1110.4299999999994
22,24,123.49
28,25,615.1
284,13,186.37
364,9,44.2
78,25,443.12
33,3,49.6
40,66,932.2099999999999
266,8,90.05
26,64,239.52999999999994
337,2,458.4
284,5,58.57
8,10,183.90000000000003
305,31,137.74
16,147,1726.02
31,16,211.84999999999997
1,66,4481.460000000002
19,14,63.13
159,2,125.0
65,1,16.5
106,1,33.0
1,354,2345.7200000000016
23,97,1953.8399999999995
266,4,100.8
4,74,2205.08
9,30,3788.0699999999997
29,28,256.9999999999999
266,3,48.3
63,14,91.83000000000001
320,10,90.2
3,95,269.13999999999993
32,4,46.47999999999999
4,9,213.18
129,13,46.079999999999984
40,17,252.21999999999997
101,17,114.87
124,2,21.0
267,39,189.88999999999996
364,12,87.4
4,54,284.56999999999994
2,134,1408.1899999999996
2,27,81.15
10,189,17201.219999999998
56,3,7.8
324,1,76.32000000000001
7,55,1039.0300000000002
12,32,130.04999999999998
4,1549,17306.929999999924
36,8,84.57999999999998
16,79,901.3099999999997
137,6,48.1
73,10,1532.71
11,27,398.95
165,4,8.030000000000001
239,23,345.0599999999999
51,37,814.2700000000001
30,8,121.41000000000001
23,5,1.0
3,39,1404.6799999999996
14,3,243.3
22,49,706.2700000000001
3,8,1.0
273,4,99.69999999999999
19,16,355.88
354,1,1.0
3,59,928.4300000000003
84,2,48.08
10,50,806.89
7,2,74.2
122,7,126.39999999999999
60,13,173.71999999999997
1,18,407.65
319,19,117.45000000000002
2,69,1342.6200000000006
301,10,123.85
1,42,1301.6900000000003
1,17,359.66999999999996
46,9,194.96
3,21,270.69999999999993
2,15,291.48
373,6,84.15
46,3,891.0
8,74,807.98
49,3,325.0
233,1,14.850000000000001
212,14,166.79
35,10,355.64
75,17,168.75
239,18,388.78
266,2,47.35
9,434,35533.300000000025
19,16,140.35000000000002
40,6,86.9
19,360,1418.6200000000006
215,42,423.71
173,6,39.05
87,14,767.4699999999999
70,4,555.2
275,8,54.4
165,13,157.25
98,21,132.75
10,7,216.0
33,9,41.2
51,51,900.8800000000001
297,11,176.95
84,13,271.38
8,99,485.64999999999986
40,49,194.55999999999997
10,58,1057.8000000000002
66,7,145.39999999999998
331,2,177.75
30,22,580.9500000000002
2,81,1465.8700000000001
1,91,1606.42
67,17,359.24
4,171,3365.5100000000016
201,2,483.8
106,2,43.32
18,10,120.39999999999999
218,1,10.2
60,10,136.21999999999997
2,13,40.400000000000006
16,10,99.89999999999999
239,11,151.48
94,1,10.5
10,26,619.0800000000002
105,30,520.62
53,39,705.9699999999999
89,4,389.79999999999995
371,1,1.0
50,21,327.26
11,37,621.8999999999999
3,19,434.44999999999993
1,34,728.0000000000002
42,4,58.56
4,2,9.36
247,5,100.19999999999999
42,59,917.4099999999997
177,17,266.74
92,19,299.07
110,36,395.5399999999999
28,19,518.42
26,68,1249.37
51,11,634.75
183,19,283.35
42,35,684.9999999999999
49,7,243.40000000000003
22,49,228.38
75,20,885.7000000000002
80,6,93.72000000000001
373,1,19.9
326,2,20.0
43,40,745.2599999999998
30,16,273.73
183,1,13.200000000000001
234,2,39.3
8,56,973.6500000000003
219,33,505.38999999999993
110,24,540.83
278,8,50.9
318,1,15.0
7,34,561.3900000000001
1,23,691.9800000000001
254,20,281.12000000000006
64,36,1232.5399999999997
9,35,3941.9600000000005
50,10,248.74
8,37,666.7799999999999
154,3,67.80000000000001
109,12,199.93000000000004
150,26,380.95
331,9,154.35
225,2,34.9
73,13,172.94000000000003
136,8,162.65
98,12,160.60000000000002
15,66,1124.6
3,55,1379.2699999999995
30,8,155.55
37,9,633.52
23,81,1439.7399999999993
8,1,14.850000000000001
213,4,117.6
8,15,306.53999999999996
11,26,474.57000000000005
1,71,1154.55
7,30,1029.4099999999999
3,19,323.40000000000003
40,3,126.00000000000001
17,22,505.79999999999995
8,516,16540.039999999997
8,43,125.04999999999997
117,3,65.4
222,12,64.50000000000001
71,29,433.81999999999994
51,9,470.97
88,60,1018.58
8,31,588.7399999999999
225,10,36.14999999999999
46,28,525.6199999999999
106,2,9.36
44,25,618.1500000000001
64,11,251.36
206,7,110.13999999999999
10,36,515.1
114,13,200.42000000000002
242,3,57.0
163,5,163.70000000000005
17,82,1597.6800000000003
124,10,145.68
22,9,305.03999999999996
67,6,121.25
16,43,691.26
16,20,131.56
16,35,630.2899999999998
196,8,155.54999999999998
242,3,70.5
45,35,572.5400000000001
31,4,79.64999999999999
127,23,305.2
38,3,49.7
120,17,279.54
260,5,90.14999999999999
10,12,56.27
270,8,104.97000000000001
157,9,216.22
215,3,49.8
5,2,38.4
365,4,67.7
79,7,107.94999999999999
43,11,75.86000000000001
19,19,314.85
31,33,626.07
22,15,57.910000000000004
108,22,1179.1899999999998
8,151,2402.0299999999997
319,3,58.8
295,1,39.6
358,2,50.45
185,21,77.73
191,6,368.35
44,16,144.44000000000003
52,14,41.89
26,41,212.39000000000004
38,24,449.07000000000005
9,7,93.91
296,2,34.4
32,46,616.4399999999999
8,49,808.0899999999998
8,20,367.6
10,93,1586.8300000000004
218,1,16.6
2,91,928.05
65,18,121.02
2,25,686.8900000000001
149,10,232.98999999999998
4,55,1069.7600000000002
141,9,468.45
33,34,451.35999999999996
119,3,62.25
107,23,392.29999999999995
10,28,627.9799999999999
71,22,813.1700000000001
15,87,168.45
310,4,250.8
35,15,228.15
362,9,36.55
99,24,368.2000000000001
1,180,1624.5500000000006
22,3,128.82
3,50,815.4800000000002
10,65,294.91
99,6,80.44
57,8,212.04000000000002
1,69,1363.7900000000004
18,74,734.7900000000001
63,4,63.04
7,41,272.9
298,8,212.3
9,115,655.69
37,3,340.8
98,2,19.46
306,2,28.0
319,10,695.8400000000001
42,15,532.0099999999999
1,20,582.66
198,19,316.80000000000007
53,25,375.64
1,92,340.9199999999998
18,22,399.74
364,5,25.95
18,91,356.74999999999983
180,15,217.07000000000002
60,26,179.94999999999996
10,23,101.91000000000001
190,9,41.25
5,300,977.8000000000005
310,3,68.64
155,14,675.5
110,8,229.44
148,49,680.95
66,77,542.9399999999999
98,2,190.2
246,35,277.5799999999999
29,23,598.2
17,24,183.31
11,10,124.5
103,81,623.3
74,2,104.8
46,7,130.44
71,14,193.86
257,5,67.55
50,2,39.81
253,4,81.1
11,3,48.8
164,8,191.46
18,41,447.34999999999997
281,4,76.2
50,2,23.2
38,16,70.42999999999999
26,48,437.86999999999995
51,14,349.81999999999994
207,10,157.28
175,3,52.4
7,44,895.7
25,1,17.4
50,2,40.599999999999994
311,5,105.7
309,9,165.56
42,67,684.0300000000002
26,60,227.79999999999995
88,3,125.7
183,2,64.8
19,187,784.7499999999998
3,50,950.07
47,31,228.86000000000004
17,236,1698.7400000000007
17,102,588.2899999999998
40,32,351.7799999999999
22,19,119.4
11,21,385.6900000000001
187,9,119.22
206,8,47.449999999999996
61,26,434.87999999999994
17,36,810.6099999999999
33,8,135.5
64,4,56.7
92,8,454.25
108,3,92.43
71,68,482.6999999999999
8,87,1308.65
2,301,1985.1300000000033
37,1,15.0
60,75,192.6499999999999
25,70,1110.12
236,20,335.65999999999997
24,21,571.3
2,175,1243.7900000000002
59,101,803.8199999999998
259,8,91.7
57,3,131.16
64,7,199.08999999999997
15,9,122.03999999999999
9,16,179.96
58,33,532.64
185,3,43.75
3,36,1430.0
24,37,636.8299999999997
4,116,735.8399999999998
3,106,1156.7200000000005
150,1,244.79999999999998
311,15,73.4
10,17,215.07000000000002
204,4,83.08
151,13,38.98
19,29,354.2
10,70,742.7799999999999
302,4,34.900000000000006
64,10,1.0
43,23,720.6
75,23,357.1700000000001
3,129,1370.8700000000001
95,41,1089.5900000000001
110,1,358.0
56,7,281.4
1,4,20.85
280,5,30.610000000000003
3,97,1061.9599999999998
179,69,475.33999999999986
12,35,233.5299999999999
3,5,20.0
16,6,37.650000000000006
40,2,15.310000000000002
5,104,333.59999999999997
169,35,301.94
50,11,38.36
227,10,69.96000000000001
18,112,401.48000000000025
371,1,15.9
15,57,432.2299999999998
35,54,201.90999999999994
21,47,193.7
7,21,134.9
19,27,433.23999999999995
11,13,290.12
44,17,78.34
305,9,141.70000000000002
10,4,87.0
274,1,509.99999999999994
1,835,3529.3899999999912
15,37,2217.1199999999994
4,9,760.3500000000001
143,1,191.16
242,2,396.0
10,8,293.7
245,7,146.3
204,7,88.66
1,34,594.05
184,6,94.30000000000001
32,42,267.34999999999997
57,3,46.95
185,15,213.05
23,40,857.6
91,8,165.45999999999998
4,34,198.26
50,15,383.0
262,1,13.52
266,12,206.24999999999997
36,10,215.80000000000004
50,4,125.71000000000001
52,60,936.9699999999998
24,33,553.1500000000001
21,2,18.0
170,11,219.21999999999997
67,5,260.1
156,8,243.75
2,634,85619.57999999991
201,6,28.4
4,66,365.43000000000006
67,31,176.07999999999998
77,6,36.4
1,76,685.3500000000004
8,13,355.31
169,19,74.15
17,44,261.93000000000006
5,5,30.799999999999997
8,79,723.41
86,9,131.92999999999998
26,3,97.75
28,49,239.83999999999997
19,30,176.96
60,44,505.48
24,4,43.2
10,162,2555.64
241,54,361.41999999999985
280,37,111.93000000000002
234,14,151.15
3,23,576.5699999999999
16,25,143.67
31,13,733.12
25,93,7209.17
211,2,352.5
25,118,352.80999999999995
106,5,203.68
7,93,1356.98
208,6,67.85
44,16,114.70000000000002
30,17,482.51000000000005
137,19,196.9
264,1,127.5
4,36,542.97
218,5,20.92
1,76,416.3299999999999
214,3,25.800000000000004
32,34,629.56
10,121,599.03
1,102,1059.5600000000004
14,7,97.92
11,140,505.13999999999965
198,1,179.0
2,7,315.0
15,56,1454.9499999999994
14,39,187.27000000000004
10,116,1199.4100000000008
29,7,377.54999999999995
9,100,842.0099999999999
24,3,28.65
24,24,251.73
43,21,83.48
1,68,475.43999999999994
5,11,241.88000000000002
147,10,85.89
10,73,331.53
24,11,140.2
274,2,33.68
373,27,113.52000000000001
1,135,527.3799999999998
47,14,141.3
8,36,576.53
16,63,2639.7599999999998
3,63,1974.15
128,8,530.0
42,21,390.48999999999995
2,13,834.3600000000001
191,29,437.30000000000007
11,14,258.29999999999995
16,12,494.95
112,20,278.62
249,6,124.30000000000001
29,30,336.47
43,2,260.64
87,12,222.54999999999998
44,13,213.27000000000004
9,70,1456.1899999999998
15,14,259.07000000000005
75,10,198.64
144,29,663.5500000000001
4,29,482.5199999999999
294,1,1.0
58,5,121.2
263,4,66.53999999999999
46,2,97.2
29,13,92.34
8,39,736.92
127,1,53.1
2,330,3423.92
232,15,265.81
112,3,42.8
58,21,352.44
51,36,708.36
358,2,1.0
127,9,141.21
322,6,49.75
54,3,44.2
319,4,95.10000000000001
26,5,121.92000000000002
15,1,9.48
7,7,182.05
28,2,48.599999999999994
16,14,244.61999999999998
21,3,56.84
2,25,324.21000000000004
166,2,47.7
1,345,2113.290000000002
52,4,57.78
51,4,71.75999999999999
47,100,1082.19
61,14,31.64
162,9,60.290000000000006
8,3,52.0
15,10,156.14999999999998
75,4,65.95
39,70,469.11999999999995
40,75,604.4400000000003
369,9,43.300000000000004
36,21,288.37
197,1,125.0
200,21,338.17999999999995
73,13,219.87000000000003
64,5,111.9
21,11,186.62
366,1,23.6
180,12,63.83
10,11,388.04999999999995
3,37,599.3800000000001
196,6,778.12
29,13,138.91
53,12,45.68
17,17,345.4500000000001
30,2,41.25
89,30,420.22999999999996
53,34,833.4599999999998
35,50,713.5300000000001
63,40,881.1400000000003
148,5,143.8
21,111,2058.210000000001
311,8,131.95
23,6,106.02000000000001
58,45,971.4799999999999
8,4,38.25
78,38,844.64
119,8,222.2
36,25,445.3399999999999
59,19,367.62999999999994
12,17,443.26
19,1,4.5600000000000005
52,1,18.72
25,19,358.54
29,3,97.07999999999998
372,1,10.08
10,22,3044.2199999999993
185,12,213.63000000000002
3,38,724.4200000000001
8,24,224.98
261,3,42.599999999999994
3,30,134.14000000000001
210,13,270.58
107,12,283.27000000000004
12,33,465.36
77,14,218.83999999999997
19,6,87.47999999999999
26,5,329.1
18,19,267.83
131,4,229.20000000000002
252,6,115.99999999999999
79,1,358.0
207,8,132.7
336,6,89.10000000000001
253,1,19.75
148,14,230.12
9,25,390.23999999999995
85,8,205.46000000000004
7,150,3161.720000000003
204,15,173.20000000000002
7,19,445.97
23,33,331.57
11,26,327.63000000000005
21,3,16.560000000000002
21,113,913.8999999999999
2,29,411.32
157,3,167.4
3,44,897.6400000000001
74,2,75.0
2,13,131.72000000000003
1,1704,36316.92000000004
16,10,365.52
35,28,395.04
70,22,332.88
115,9,310.30000000000007
212,24,405.73
30,21,355.78
50,16,275.8
245,3,48.5
32,4,74.88
108,42,714.2099999999998
22,13,280.73
365,5,96.47999999999999
72,26,584.4400000000002
297,4,649.27
33,109,2557.9200000000005
56,12,658.76
29,53,1673.9700000000003
130,3,65.4
23,16,296.5799999999999
8,8,124.63
79,4,66.24000000000001
46,52,3094.630000000001
25,15,77.63999999999999
12,19,80.88000000000002
253,3,19.3
147,14,197.55
64,20,236.08
8,7,27.669999999999998
10,95,2016.78
270,1,70.2
9,74,512.2499999999999
247,3,35.1
96,30,301.9000000000001
14,12,83.19
49,3,313.8
30,8,33.160000000000004
68,9,391.96000000000004
35,38,272.42999999999995
128,7,26.32
107,12,679.6600000000001
37,5,30.299999999999997
57,2,19.669999999999998
57,15,220.69
72,52,525.3499999999999
246,1,12.600000000000001
19,9,40.33
198,29,113.24000000000001
15,1,81.6
211,11,89.81
38,16,55.720000000000006
46,5,135.01999999999998
170,26,137.84
47,26,165.11999999999998
115,30,501.28999999999996
147,39,291.80999999999995
15,328,1754.5100000000004
51,54,178.39999999999995
159,3,37.760000000000005
12,64,396.21
35,4,49.11
53,30,122.37000000000002
43,11,73.50000000000001
172,3,32.1
33,7,39.129999999999995
38,14,194.8
266,17,69.84
8,125,496.12999999999954
11,37,237.35000000000002
3,158,1904.4299999999994
9,49,522.2899999999998
33,18,109.43
80,16,130.38
168,10,425.7
8,9,194.57
71,2,175.32
4,38,212.15000000000003
256,13,1052.1999999999998
4,146,654.9699999999997
15,119,1105.74
89,9,57.33
72,46,186.75999999999988
43,38,185.24999999999997
9,457,6273.06
170,28,71.22
199,1,23.12
19,137,2175.52
257,1,102.0
9,66,1911.99
269,13,176.22
65,34,102.41999999999999
273,1,81.12
25,26,492.8799999999999
23,35,291.86
319,7,102.5
4,18,221.15999999999994
12,33,82.08000000000003
275,7,317.90000000000003
25,79,554.1199999999999
40,66,349.2900000000001
8,33,82.93
3,115,15656.959999999997
71,17,318.88
37,47,760.24
31,17,284.61
78,20,361.76
46,27,127.26999999999998
179,25,379.96
372,1,106.2
93,11,437.3499999999999
9,19,88.27000000000001
105,14,249.05
77,8,147.07
172,14,263.70000000000005
7,134,2904.9700000000007
212,16,322.12000000000006
22,11,112.30000000000003
256,1,12.75
281,9,206.54
21,13,229.76999999999998
10,43,687.2600000000001
308,9,161.5
67,8,131.7
215,10,173.98000000000002
18,32,996.4800000000001
103,17,531.76
42,4,87.2
4,9,107.89999999999999
84,7,165.16000000000003
366,2,700.8
8,3,128.28000000000003
31,12,281.92
196,20,303.55999999999995
18,37,929.26
17,36,507.5
359,4,89.16
141,15,340.1
240,9,123.94999999999999
35,15,321.70000000000005
29,32,586.4
9,32,1086.9899999999998
30,59,785.9000000000002
18,4,69.18
17,14,358.82
14,33,789.1700000000001
245,3,47.85
129,9,91.89999999999999
50,6,91.99000000000001
114,27,458.00000000000006
7,30,546.69
191,4,33.35
59,39,3214.4
65,6,163.56
60,36,458.25
50,33,960.1899999999998
169,5,74.7
56,12,204.31
127,9,217.18
14,22,451.16
239,5,74.55000000000001
2,26,485.9200000000001
239,5,59.580000000000005
52,25,837.1999999999999
46,6,176.79999999999998
225,4,73.6
8,72,2191.919999999999
4,17,266.46999999999997
164,31,404.9399999999999
218,12,204.54999999999998
10,8,113.46000000000001
133,3,49.550000000000004
17,122,1899.0399999999997
9,81,1351.0099999999998
31,7,92.80000000000001
74,29,46.86000000000001
1,16,262.76
3,46,649.32
45,2,39.36
1,239,6106.910000000003
357,1,19.799999999999997
18,7,76.35
68,36,346.06000000000006
373,7,121.20000000000002
320,14,59.5
25,1,19.5
324,2,1.0
8,43,655.8100000000002
322,2,18.05
71,6,65.24000000000001
260,2,32.0
18,38,973.73
66,4,325.67999999999995
154,10,207.80000000000004
29,13,58.830000000000005
70,3,38.52
14,7,154.95
1,33,1593.1999999999998
1,68,4566.5599999999995
119,13,197.70000000000002
60,4,137.39999999999998
3,103,2200.9700000000007
10,12,567.3100000000001
92,4,74.28
59,2,382.49999999999994
78,22,124.62000000000002
25,36,472.8
357,4,143.48
85,11,172.29
10,4,157.8
1,13,228.65
225,5,68.47
60,14,210.39
318,8,98.70000000000002
1,29,394.6
44,9,124.9
10,55,1856.2500000000002
176,4,127.45
51,37,516.8
366,4,193.79999999999998
318,1,72.0
225,5,1.0
358,3,51.849999999999994
234,5,87.9
310,2,45.9
36,18,403.96999999999997
66,26,786.2099999999999
240,5,89.4
113,10,184.01999999999998
276,4,59.36000000000001
217,51,784.2600000000001
298,4,56.1
1,34,467.22999999999996
29,16,426.03
10,19,289.8
44,24,420.43000000000006
66,34,534.8400000000001
74,3,41.400000000000006
65,8,146.8
134,23,704.5200000000001
238,9,126.44999999999999
122,2,92.0
31,110,1925.5399999999995
9,46,3768.629999999999
36,14,239.00999999999996
16,16,261.09
127,4,53.4
66,13,268.5
281,3,99.9
168,7,133.39999999999998
100,22,603.6899999999999
135,8,115.38000000000001
323,2,41.300000000000004
106,4,47.67
64,9,145.13000000000002
151,26,494.23
338,3,48.6
15,18,1052.1
7,84,673.66
57,22,236.22
4,20,325.33
37,17,296.41
66,10,31.799999999999997
46,6,166.8
354,8,87.95
172,4,22.189999999999998
58,42,656.4399999999999
49,1,59.400000000000006
22,9,234.63000000000002
155,24,597.28
29,12,163.64999999999998
4,58,2322.6699999999996
25,35,1799.1499999999996
201,7,46.25
50,54,923.9099999999999
10,11,161.41
2,64,1236.54
67,6,2006.09
64,6,113.8
50,75,1404.4400000000005
290,8,146.31
60,11,368.84999999999997
64,19,379.06
95,4,65.45
270,5,52.95
1,724,17403.11000000002
75,11,182.14
199,8,109.64
64,8,122.76000000000002
326,1,165.0
3,12,95.96000000000001
283,4,52.99999999999999
44,13,68.72
49,27,761.8000000000001
64,15,215.14
103,14,48.92
333,11,108.06000000000003
52,2,60.3
35,24,410.2300000000001
32,4,358.8
369,10,452.7
208,4,331.34999999999997
156,44,143.17000000000002
53,7,19.18
66,29,145.25
80,4,468.44000000000005
129,4,65.64999999999999
87,5,92.4
74,7,134.86
35,10,166.15000000000003
332,3,43.400000000000006
72,3,72.6
158,16,126.72000000000004
373,1,25.200000000000003
12,73,677.68
254,22,267.59000000000003
29,5,80.7
31,147,759.7800000000008
4,159,2446.4500000000003
39,6,217.75
361,1,30.0
241,11,199.85000000000002
95,7,220.18
25,55,505.8100000000001
75,15,223.28
57,37,664.3599999999999
40,34,792.5600000000002
137,8,565.88
8,49,719.52
40,37,367.55
169,59,1217.1699999999998
8,12,669.3599999999999
213,3,384.75
14,100,2017.0900000000001
169,14,256.38
40,3,59.120000000000005
186,3,36.629999999999995
270,3,43.8
4,24,434.27000000000004
16,3,60.300000000000004
9,26,718.56
325,4,62.1
112,2,45.0
16,17,314.13000000000005
1,18,300.70000000000005
92,4,295.4
148,13,170.70000000000002
189,1,10.5
18,17,126.24999999999999
33,51,264.64000000000004
264,12,79.27999999999999
84,39,1144.4100000000003
26,34,510.49999999999994
171,5,144.53
9,13,302.11999999999995
313,10,144.5
64,56,1114.62
85,12,219.60000000000002
24,2,51.12
58,16,280.40000000000003
323,3,54.5
254,5,68.46
19,88,328.0
33,91,404.86999999999995
15,1,10.2
26,24,177.04999999999998
23,6,120.85
79,17,140.48
8,22,412.40000000000003
22,5,23.31
12,87,274.98
262,16,86.19
131,8,53.6
54,16,116.81000000000002
1,117,1128.5100000000002
9,64,387.47999999999996
264,2,40.3
330,3,58.05
312,9,164.72
26,17,258.2
30,11,150.12
29,14,161.67000000000002
1,90,389.81
362,11,66.2
283,19,129.38
262,20,77.26
354,16,58.35000000000001
94,4,60.0
29,1,15.8
338,54,339.61
81,27,1525.4499999999998
85,20,117.81
9,15,109.89999999999999
43,9,107.79
50,5,99.19999999999999
2,27,137.06
113,28,144.10999999999999
14,7,751.2
77,8,159.25
40,13,468.85
116,17,311.92
15,31,1421.1800000000003
161,27,62.48
1,62,1135.17
30,41,1340.71
92,1,15.0
22,16,336.58
95,51,909.9500000000003
28,11,175.35999999999999
32,82,550.2600000000001
21,47,513.4499999999999
17,6,466.8
2,159,4095.3200000000006
8,21,413.9599999999999
15,74,1484.9600000000003
362,15,34.370000000000005
81,2,12.45
52,30,967.3999999999999
22,54,250.36999999999998
171,19,225.58000000000004
189,23,259.61
11,57,289.91999999999996
31,106,4665.44
12,58,643.3699999999999
46,4,14.31
233,8,96.1
64,65,593.0299999999999
1,6,107.76
40,67,1344.9099999999996
32,19,133.71999999999997
84,5,360.23
24,1,440.0
2,54,267.3400000000001
18,43,649.58
254,13,157.42000000000002
22,206,1285.2200000000005
21,34,493.11999999999995
8,70,579.5499999999998
25,74,408.06
19,27,184.21
173,21,111.35000000000001
163,4,7.85
7,14,146.16
11,7,114.8
114,7,12.69
288,3,12.849999999999998
8,76,1037.15
54,29,116.31000000000002
7,208,1309.500000000001
77,37,424.22999999999985
4,16,142.59
36,9,148.8
217,2,6.35
60,15,94.62
277,4,58.099999999999994
12,308,1687.0800000000006
24,5,33.980000000000004
28,6,170.84000000000003
11,15,473.70000000000005
8,30,344.32
70,1,16.5
18,3,26.47
2,17,148.60999999999999
131,9,477.33
7,98,1021.2000000000002
24,15,128.03
4,64,631.5799999999997
31,32,207.06
177,54,177.31
37,14,514.69
151,14,124.98000000000002
162,5,48.75
68,20,118.92000000000002
130,43,155.93000000000004
24,12,174.15
23,44,258.2900000000001
176,7,92.97
142,1,81.36
252,12,166.53
46,8,123.73000000000002
70,1,15.0
15,29,537.1600000000002
199,21,314.69999999999993
29,9,105.11999999999999
53,4,63.16
26,19,228.33
11,117,1822.5899999999997
8,15,307.06999999999994
52,4,52.989999999999995
36,15,284.7799999999999
61,27,464.64000000000004
336,4,26.400000000000002
28,16,378.08000000000004
184,3,51.1
51,4,81.6
9,13,558.5400000000001
36,1,15.0
10,114,2919.4999999999995
32,19,239.85
10,2,244.60000000000002
50,27,396.5799999999999
4,4,273.04999999999995
3,63,754.0699999999998
141,5,73.18
135,6,102.04
103,23,501.34999999999997
74,19,244.56
4,50,949.0500000000001
45,15,223.89
15,54,1067.1099999999997
17,3,35.3
89,3,115.0
52,5,62.010000000000005
134,10,215.0
4,141,3164.9800000000005
105,29,479.81999999999994
179,10,198.95
166,75,273.36999999999995
18,17,262.40999999999997
246,11,139.49
204,4,122.65
36,12,185.08
91,5,76.71999999999998
115,2,27.599999999999998
9,5,196.11
243,13,193.7
45,12,172.54999999999998
22,1,30.0
190,21,344.00000000000006
43,2,31.5
25,37,605.49
317,2,13.200000000000001
106,4,57.54
50,7,83.60000000000001
168,36,629.8399999999999
39,3,54.36
103,9,171.77
296,2,33.3
18,29,1346.0400000000002
88,51,907.1799999999998
73,48,686.4200000000001
81,6,87.46000000000001
9,69,1063.73
49,7,127.74
52,3,124.4
24,39,291.62
9,27,513.6899999999999
18,16,283.56000000000006
117,4,88.04999999999998
8,60,1071.6000000000004
119,2,54.900000000000006
4,5,88.44
28,1,6.959999999999999
8,29,2340.2099999999996
266,5,80.42
33,58,957.0900000000003
17,8,135.10000000000002
172,26,175.95999999999998
2,68,380.0399999999999
264,1,15.0
140,32,694.5300000000001
201,1,60.0
59,19,365.19999999999993
35,54,238.15000000000006
40,97,1074.7400000000005
283,1,16.35
9,18,312.15
143,5,113.55
11,14,151.33
145,36,399.6499999999998
234,1,19.8
32,284,1516.1100000000024
24,36,235.11
11,33,172.74999999999994
35,25,607.9000000000001
364,14,98.45
201,3,47.099999999999994
15,9,99.50999999999999
16,87,1646.3500000000004
49,2,1.0
198,1,1.0
65,15,235.49
372,1,39.0
282,3,42.199999999999996
114,8,601.7
14,31,448.36999999999995
18,61,1702.04
66,1,23.8
49,1,17.34
16,24,194.34999999999997
77,1,13.919999999999998
19,25,392.5600000000001
134,8,29.419999999999998
12,28,366.46000000000004
40,8,66.41
332,2,7015.0
2,94,813.7900000000003
39,128,843.4099999999999
304,1,79.2
73,3,51.540000000000006
10,35,580.0100000000001
61,63,192.91
65,17,298.57
296,2,87.8
65,12,192.03
31,16,252.24
100,57,862.3499999999997
64,4,160.79999999999998
115,6,313.88
7,57,17854.299999999996
5,5,105.06
68,5,71.5
245,3,49.7
133,7,107.25999999999999
241,7,373.54999999999995
183,5,83.25
25,7,120.51
9,10,492.44
10,9,177.0
29,25,570.8900000000001
43,85,1649.2
26,56,226.4300000000001
358,9,113.2
10,6,19.26
43,20,468.90000000000003
39,5,338.71999999999997
149,13,184.48000000000002
1,40,949.1699999999998
113,6,1861.2
75,27,244.90999999999997
107,39,238.39999999999992
46,20,325.50999999999993
142,1,1.0
51,2,41.900000000000006
1,80,1427.4099999999996
23,85,1432.6
46,9,448.59999999999997
50,14,239.1
306,62,1089.7000000000003
36,16,229.97
78,34,369.71000000000015
22,45,678.3
107,12,452.07
207,15,693.3499999999999
16,28,653.54
63,15,526.52
49,36,580.33
319,9,140.63
44,18,177.07999999999998
3,9,267.55
337,2,1.0
172,7,302.02
51,15,413.19000000000005
73,48,612.8600000000001
99,19,261.29999999999995
29,8,74.7
58,20,240.60000000000002
254,15,223.1
70,77,517.2199999999999
44,16,270.39000000000004
50,1,9.9
64,7,110.44
11,57,10314.559999999998
25,20,296.56999999999994
58,12,183.33999999999997
64,17,408.82
303,1,12.600000000000001
46,2,20.4
17,55,1410.2199999999998
38,6,96.59
19,29,66.32000000000001
197,4,15.520000000000001
51,10,35.019999999999996
4,53,1377.86
136,25,187.47999999999996
4,195,5343.779999999999
18,6,156.0
15,58,379.5600000000001
40,45,296.96999999999997
12,178,927.1299999999997
8,41,232.36999999999998
192,2,9.2
22,8,327.15
40,13,351.8
101,13,76.78
5,126,1019.5099999999999
277,4,68.03999999999999
32,26,147.13000000000002
14,37,88.82000000000002
63,41,919.3800000000003
1,43,102.37000000000003
369,28,124.66000000000003
312,7,82.65000000000002
198,6,189.18
2,17,154.06
93,7,132.6
60,1,8.64
80,1,0.5700000000000001
156,24,126.29000000000002
226,18,151.94999999999996
253,9,67.39
149,2,1.67
194,9,47.32
1,25,278.64
368,1,13.6
23,11,57.78
16,32,89.7
9,20,1487.5199999999998
8,10,37.629999999999995
19,52,548.7099999999999
3,75,296.26999999999987
173,4,91.13999999999999
1,73,295.90999999999997
178,10,178.64
16,42,320.93
247,1,12.75
190,13,106.72000000000001
19,44,192.04
154,20,49.76
172,5,41.4
373,4,191.40000000000003
372,5,23.9
194,2,48.800000000000004
67,5,103.83000000000001
4,40,948.89
21,22,321.06999999999994
239,3,25.08
64,2,37.5
112,6,166.16000000000003
107,20,1718.58
311,1,1.0
133,3,65.1
276,1,17.700000000000003
82,10,600.18
8,21,358.55
16,3,51.9
1,34,502.96000000000015
8,13,219.27
33,22,173.80000000000007
15,36,652.2999999999997
24,64,1571.1500000000003
31,11,102.31
74,2,34.25
19,6,78.72
17,35,233.90000000000006
23,26,147.6
2,4,169.3
303,3,82.80000000000001
17,15,1063.95
235,2,65.37
39,49,882.17
84,3,47.550000000000004
165,26,101.24
17,25,386.31000000000006
77,7,156.98
88,14,820.75
24,26,889.7800000000001
22,40,343.0899999999998
2,89,809.57
123,15,491.82
30,4,49.52
12,36,177.54999999999998
19,8,67.75
44,19,188.93
8,162,768.2399999999996
54,7,124.64999999999999
88,38,293.40000000000003
36,155,991.4999999999994
2,2,2901.6
29,42,1306.0
12,75,208.75
211,2,56.3
47,99,385.29999999999984
23,10,134.96
32,24,273.2
245,26,155.69
8,67,1077.1200000000003
35,32,531.98
7,47,7873.730000000002
35,41,189.99999999999991
3,56,192.28000000000003
3,60,319.3299999999999
47,9,69.93
39,5,70.64
1,50,1166.59
16,10,246.26
260,22,181.57999999999998
46,33,242.29
12,18,65.94000000000001
29,8,129.48000000000002
43,14,96.58
176,3,173.37
38,79,17841.309999999998
309,6,73.35
92,28,122.97000000000003
5,345,2506.7099999999996
208,6,53.599999999999994
87,15,160.20999999999998
269,10,321.1
7,8,94.65
65,14,293.0
141,2,883.8
22,24,339.18
37,12,233.79999999999995
119,30,496.8999999999999
373,2,100.80000000000001
40,84,328.09999999999997
173,4,50.959999999999994
54,6,118.11
32,27,520.97
145,29,326.34999999999997
220,3,58.7
45,18,170.85999999999999
4,50,809.01
65,63,519.9999999999998
9,22,332.18999999999994
260,11,164.23
365,20,96.59
16,29,514.17
22,8,212.70999999999998
44,3,37.55
288,8,160.45000000000002
291,1,1.0
3,36,736.1500000000001
283,1,79.2
16,10,824.2599999999999
263,3,2.039999999999999
56,67,733.26
100,10,632.36
299,6,56.49999999999999
23,51,271.10999999999996
59,15,279.83
154,5,97.06
114,13,218.65
11,20,292.83
264,3,40.98
240,5,94.85
87,23,605.0
50,17,319.29999999999995
53,24,410.18
42,13,363.0200000000001
79,11,478.74
61,11,127.68
248,1,10.5
65,2,42.9
28,9,1016.56
84,18,307.68
218,10,338.4
45,111,452.11999999999983
143,2,11.2
183,7,51.75
170,1,17.700000000000003
9,82,493.7200000000001
205,12,137.50000000000003
189,8,60.03
8,4,100.38000000000001
59,10,196.13000000000002
57,58,185.92999999999995
112,10,139.86
51,8,191.65000000000003
316,6,66.85
367,5,124.65
29,37,1819.8299999999995
39,9,133.0
17,20,443.96
51,22,1205.08
3,112,4233.409999999999
21,14,221.23
262,5,96.30000000000001
59,12,255.96000000000004
18,11,222.93
65,10,246.62
88,13,258.14
249,8,99.08
3,37,598.8599999999999
8,78,1392.32
203,7,170.40000000000003
133,7,115.04
4,5,77.72
42,43,725.5400000000001
268,5,246.4
49,27,572.13
8,37,683.97
15,8,293.78999999999996
281,3,70.19999999999999
78,4,88.01
1,152,1605.38
225,3,1.0
17,8,154.07999999999998
10,32,1075.03
8,27,552.8199999999999
50,36,463.49000000000007
95,16,265.3
15,20,308.72
126,8,308.65
94,21,421.61
50,3,61.25
138,3,62.4
60,3,56.599999999999994
100,59,3740.9800000000014
73,3,60.39999999999999
72,11,2827.8
67,5,99.33000000000001
64,15,370.44000000000005
16,8,124.25000000000003
22,73,1247.34
31,98,2223.8199999999993
44,18,278.60999999999996
15,4,69.54999999999998
40,3,142.95
2,51,1887.3799999999999
236,8,152.75
75,3,66.78
4,59,403.38
3,35,549.1600000000001
360,4,112.2
58,9,159.3
23,16,122.58
30,26,200.1
54,23,209.31
25,7,111.13999999999999
44,25,234.20999999999998
119,12,203.33999999999997
1,37,3846.85
88,9,350.1
19,10,127.80000000000001
78,2,27.6
170,25,573.85
80,4,68.3
267,13,381.88
267,2,5.699999999999999
29,21,777.0999999999999
36,33,272.42
318,31,220.64999999999998
57,29,346.3699999999999
44,41,397.3099999999999
207,2,43.92
225,2,29.1
87,19,459.97
189,10,162.2
43,9,288.62
71,6,119.88000000000001
40,11,182.09
78,6,147.66
56,4,100.8
9,38,1012.0200000000001
9,190,828.8599999999994
8,92,1110.1200000000003
33,18,108.49000000000001
211,27,466.0
23,30,446.2899999999999
170,4,41.86999999999999
61,3,60.120000000000005
52,31,747.8100000000001
261,12,172.54000000000002
366,5,1.0
66,32,779.34
16,84,791.9600000000003
266,4,342.24
176,1,25.0
45,40,1926.4599999999996
50,2,100.2
17,38,240.04999999999995
9,73,1520.4900000000002
73,19,299.12999999999994
71,9,172.23
353,17,372.13
2,43,559.5200000000001
116,9,89.04999999999998
373,23,128.32
196,12,204.20000000000002
100,9,339.94
21,31,426.63
72,6,750.4399999999999
339,3,45.9
5,51,474.9699999999999
31,45,360.86999999999995
169,3,38.67
121,7,126.78
21,32,638.5500000000002
9,18,329.18999999999994
212,9,124.39999999999999
22,9,185.42000000000002
126,2,26.8
25,54,1738.0400000000002
138,5,81.46000000000001
213,14,194.09999999999997
106,9,111.14999999999999
17,7,109.5
3,3,53.25000000000001
330,4,69.35
64,48,749.77
119,19,369.21999999999997
35,6,99.75
217,2,285.6
172,16,316.54
72,3,1.0
1,14,113.53
128,32,111.42000000000003
44,5,51.32000000000001
5,100,1025.2799999999997
14,91,1144.4199999999996
17,11,143.75000000000003
28,38,383.40999999999985
36,16,11091.88
36,4,70.45
157,3,36.75
284,4,14.600000000000001
107,49,240.82999999999996
24,22,471.07
107,6,165.11
16,12,74.72999999999999
158,1,35.7
44,10,154.33
11,28,236.46999999999997
32,70,397.90999999999997
290,3,17.62
21,23,377.32
17,9,172.32
17,24,1346.98
73,14,128.59
197,8,34.849999999999994
33,14,263.59
1,29,399.61999999999995
7,27,792.5799999999998
4,212,1064.4100000000005
9,28,241.65000000000003
32,24,178.3
53,2,24.96
11,18,279.48999999999995
17,13,311.01
18,4,71.4
37,30,166.95
2,22,130.87000000000003
18,35,448.71999999999997
82,65,443.6799999999998
33,35,118.06000000000003
66,39,147.79
8,34,205.14999999999995
267,1,30.0
247,5,121.9
4,40,733.8599999999999
61,11,421.15999999999997
74,34,231.71
89,9,188.90000000000003
60,9,55.64999999999999
28,28,62.79999999999999
53,15,492.28
269,11,46.73
2,107,808.56
56,25,391.58
60,64,479.90999999999997
144,34,647.24
19,17,88.24
94,9,108.82000000000001
1,51,861.32
264,22,116.85000000000001
312,1,16.5
70,8,152.45
302,2,93.65
18,16,46.7
12,48,636.3899999999998
36,63,514.29
19,18,69.51
53,9,42.35
56,13,100.85
21,1,16.6
44,13,32.38
26,24,458.9599999999999
44,29,197.76
112,13,157.62
17,103,9389.429999999998
24,6,133.62
302,8,118.19999999999999
2,103,522.0899999999998
263,2,90.6
57,1,25.0
213,19,66.41000000000001
64,2,47.099999999999994
28,2,13.4
29,43,586.6399999999999
5,41,214.35000000000005
7,105,1404.1599999999999
67,10,133.0
1,42,124.64000000000001
46,26,199.99999999999994
33,19,53.68000000000001
205,1,1.65
135,7,57.25
198,7,49.900000000000006
197,13,234.31999999999996
149,5,139.12
87,2,56.52
64,1,5.9
63,33,579.28
99,36,605.9000000000001
218,4,100.24
2,57,961.0299999999997
28,42,262.15000000000003
177,11,48.449999999999996
64,1,1.0
21,22,291.31
19,80,505.77000000000004
33,43,526.3000000000001
74,1,62.400000000000006
23,52,191.47
51,55,290.8799999999999
274,4,56.35
164,6,87.05
7,127,651.1400000000001
143,5,72.6
63,39,632.8800000000001
65,2,63.2
10,8,79.50000000000001
75,17,147.93
15,4,37.83
192,7,51.849999999999994
173,7,69.3
77,12,87.84
33,12,185.32999999999998
46,11,215.45
72,16,290.54999999999995
296,14,200.14999999999998
3,24,181.17999999999998
8,32,434.9600000000001
49,42,833.3500000000001
161,5,6.1999999999999975
360,7,125.5
4,4,118.14000000000001
106,24,394.56
25,25,113.4
40,1,35.400000000000006
296,6,147.25
372,4,83.80000000000001
21,47,280.04
4,16,390.77
52,27,591.95
277,6,49.2
61,8,73.38
25,4,61.55
186,47,312.25
1,85,2594.15
2,67,3784.75
171,5,78.94
81,5,73.76
3,9,118.12
190,6,82.0
22,22,349.0299999999999
17,2,4464.0
19,61,378.50999999999993
5,11,252.25
110,13,101.55000000000001
2,14,400.20000000000005
53,1,19.92
290,14,299.45
10,306,1405.7700000000004
108,78,669.0499999999997
95,10,430.18999999999994
242,8,227.85999999999999
163,27,2173.96
3,27,279.90999999999997
35,7,124.28
66,62,911.34
24,4,107.3
1,148,2760.130000000001
21,20,244.27999999999997
5,9,139.01000000000002
53,6,188.39999999999998
15,10,440.78
336,6,143.56
3,2,21.0
15,42,1106.0499999999997
3,36,531.86
127,21,343.34000000000003
84,19,265.80999999999995
71,7,116.16
365,1,1.0
155,3,10.5
373,5,83.1
80,13,292.37
248,3,132.75
232,6,96.30000000000001
71,9,136.10000000000002
68,3,21.8
4,54,1026.3500000000001
50,7,107.05000000000001
75,11,35.09
61,22,75.61
15,3,59.50000000000001
4,2,30.200000000000003
285,2,32.25
4,23,282.17999999999995
40,9,75.14
36,7,166.56
74,6,97.65
17,45,953.7099999999999
15,100,1981.4799999999993
219,3,36.36
186,4,65.75
32,22,431.90999999999997
70,11,219.84
182,7,127.53000000000002
15,9,160.10999999999999
235,1,15.6
31,25,630.6699999999998
263,2,32.85
3,4,64.36
51,6,120.25000000000001
80,8,127.53
274,10,148.84
1,52,1155.6400000000003
79,7,94.88
29,47,800.6799999999998
73,21,111.72999999999998
17,34,586.8399999999999
372,1,19.9
32,22,335.80999999999983
22,26,536.6999999999999
25,13,124.90000000000002
105,3,58.02
4,11,180.13
245,8,120.16000000000001
177,22,291.25000000000006
169,3,74.34
42,6,98.4
71,7,115.68
58,31,1426.0000000000002
64,22,325.5899999999999
141,7,105.61000000000001
17,73,1001.0400000000001
22,29,4332.72
9,64,275.12
368,4,78.89999999999999
16,4,149.14999999999998
362,2,40.5
19,8,47.730000000000004
68,18,173.73000000000002
15,8,148.56
23,52,483.6
16,86,1292.01
35,2,343.35
35,25,1568.4800000000005
54,30,107.75000000000001
33,33,559.23
2,50,999.6599999999999
366,1,12.75
43,4,71.9
72,14,472.6199999999999
4,10,289.64
4,90,21121.92
61,17,92.77
47,188,904.1400000000001
1,17,356.44000000000005
75,4,1.0
72,5,79.89
68,15,96.04000000000002
213,3,53.10000000000001
241,7,32.15
253,1,264.0
8,91,1564.8399999999992
8,51,1582.6699999999998
4,84,4270.120000000002
37,34,152.95
45,5,142.85
84,28,999.54
19,111,752.2500000000003
3,6,670.2399999999999
18,133,994.1200000000002
18,178,1896.1100000000006
317,29,261.65000000000003
78,5,48.36
266,2,901.2
9,71,891.7200000000001
369,20,329.24000000000007
14,65,586.4499999999999
26,6,44.72
262,10,80.94999999999999
17,53,1026.01
91,14,293.71000000000004
302,40,229.03999999999996
26,60,441.43
364,16,94.89999999999999
46,79,319.55
38,200,2281.9499999999994
52,28,170.02
31,7,167.61999999999998
52,9,89.50999999999999
78,40,749.2899999999998
176,3,62.849999999999994
46,1,1.0
29,56,668.01
11,80,421.64999999999986
86,95,1501.65
4,129,1977.9499999999998
37,12,213.59
17,21,455.1000000000001
44,28,143.24
30,9,237.34
372,2,32.9
58,10,54.43999999999999
372,2,2002.4
114,51,437.92
214,2,32.550000000000004
318,3,48.60000000000001
65,7,117.95
7,14,251.68000000000004
96,2,45.0
19,19,303.09999999999997
198,11,280.59999999999997
3,205,781.0400000000002
273,11,398.70000000000005
30,66,1790.03
47,20,141.13
260,11,95.67000000000002
57,47,263.95
33,86,755.6400000000001
57,14,111.54000000000002
67,16,257.77
10,49,552.6999999999997
60,27,176.29999999999998
80,17,80.26000000000002
74,6,95.75999999999999
2,102,2651.0899999999997
100,18,152.78
372,6,122.55
17,56,565.4999999999999
123,32,130.76
8,3,53.3
3,29,438.28000000000003
29,90,420.7999999999998
282,5,36.330000000000005
57,5,89.64000000000001
1,98,373.68999999999994
365,16,116.63
89,5,79.83999999999999
11,49,373.10999999999996
163,29,159.2
65,6,83.0
23,22,191.14999999999998
173,25,116.64000000000001
103,26,188.46000000000004
142,15,268.22999999999996
99,7,83.58000000000001
23,52,329.84
192,5,133.45000000000002
4,9,195.94000000000003
360,6,193.24999999999997
8,121,423.34000000000003
14,110,2132.25
103,12,175.04000000000002
2,30,537.22
10,49,1054.8499999999997
95,8,156.56999999999996
227,14,130.43
15,6,124.95
38,13,404.3
51,5,75.5
112,4,72.9
156,5,78.0
38,7,112.89999999999999
184,4,102.69999999999999
1,15,330.15
227,9,147.94
373,2,30.75
39,4,128.82
31,49,783.9200000000001
197,7,267.61
8,89,5444.22
36,38,642.1000000000001
100,23,450.04
42,131,3417.4100000000008
50,1,15.0
43,2,31.6
52,6,91.60000000000001
186,3,46.17
333,8,129.81
4,6,88.64999999999999
176,1,10.5
23,6,102.6
368,4,129.3
106,18,147.94
59,3,76.56
29,5,59.65
140,4,116.35
22,34,210.36000000000004
22,48,879.7200000000003
77,2,322.24
4,87,2110.4800000000005
64,41,694.7099999999999
12,50,287.38999999999993
24,3,2.55
30,62,553.2499999999999
66,1,432.0
66,6,191.19
187,14,92.73
37,4,68.2
15,32,136.10000000000002
35,11,49.129999999999995
194,39,432.19999999999993
1,66,287.5699999999999
1,35,203.26
366,9,22.8
64,18,65.9
299,11,64.97999999999999
26,49,91.66000000000001
7,31,337.39
19,26,1.0
116,12,641.5999999999999
29,21,152.12000000000003
4,201,1063.8000000000002
5,63,758.5900000000001
81,26,105.85000000000002
29,48,258.64
72,5,84.3
4,146,398.9399999999997
23,27,516.2699999999999
290,3,6.25
36,12,70.14
9,22,162.44
23,49,170.49999999999997
276,1,122.39999999999999
63,37,309.16999999999985
156,86,675.5099999999999
61,17,59.48
12,218,1902.7500000000002
21,27,301.19
371,4,66.0
276,2,84.0
80,58,575.7799999999997
3,22,387.38
26,15,96.37
5,267,1398.8600000000022
53,17,54.31
1,7,123.77
54,16,280.81
25,20,60.410000000000004
8,71,550.0399999999998
52,90,888.5400000000001
12,88,596.2299999999999
211,10,265.3
21,72,1282.5799999999997
235,1,20.4
138,11,250.13000000000005
3,17,706.9199999999997
56,15,441.96999999999997
136,21,281.72
109,2,9.2
30,1,20.8
1,17,741.1999999999999
184,4,35.56
9,6,60.35
239,3,38.64
87,4,85.5
38,32,123.99000000000001
116,6,108.65
187,3,47.550000000000004
226,8,48.46
8,10,712.5600000000001
189,6,91.19999999999999
4,7,111.74
39,13,196.1
38,13,60.489999999999995
77,8,71.4
3,25,478.09
255,30,498.45000000000005
60,5,94.0
12,42,522.25
78,119,1472.720000000001
17,29,1412.1699999999996
29,2,1852.4
3,38,412.4499999999999
5,2,47.75
63,3,407.20000000000005
10,27,480.7
30,15,514.25
325,1,97.5
149,1,7.9
23,7,93.05
1,44,1090.46
73,15,405.11
46,10,158.29999999999998
4,15,371.55
50,11,146.32000000000002
16,6,60.480000000000004
30,7,135.60000000000002
8,25,210.83999999999997
28,66,515.34
2,79,2576.52
40,5,244.2
11,68,369.33
31,3,26.08
60,3,59.25
78,38,224.57999999999998
236,1,358.0
63,1,14.850000000000001
11,8,166.20000000000002
86,10,496.25999999999993
16,10,267.99
245,9,110.95000000000002
87,26,454.0700000000001
30,6,34.15
137,4,209.12
26,24,374.6699999999999
2,28,311.2100000000001
32,33,434.17
25,5,437.67
113,6,111.64999999999999
157,8,142.60000000000002
85,18,306.59000000000003
117,16,305.68
2,104,1811.09
96,108,1235.99
194,12,61.49
28,21,130.66
130,7,308.28000000000003
28,20,246.46000000000004
81,15,228.84
29,149,830.7999999999998
266,1,31.200000000000003
73,37,2057.46
313,22,167.41000000000003
21,24,410.96000000000004
58,27,350.73
12,83,1180.51
28,46,697.9300000000001
114,13,76.57
8,41,654.13
17,57,500.24999999999994
17,25,269.29
36,6,218.0
36,7,87.47
78,2,118.80000000000001
22,2,86.4
25,17,93.78000000000002
33,23,588.6100000000001
109,15,429.26
35,47,870.01
123,59,475.16999999999996
7,25,503.90000000000003
28,40,663.1299999999999
46,22,586.3799999999998
2,68,1311.7399999999998
50,44,556.05
322,5,140.60000000000002
22,23,424.1
15,16,340.24
2,57,271.54
18,19,272.21
29,17,649.74
159,23,164.26999999999998
32,117,3027.040000000002
29,37,210.91999999999996
165,5,79.69999999999999
47,10,77.94
5,41,237.49999999999997
8,12,267.03000000000003
317,4,78.89999999999999
3,9,130.01
233,2,29.85
119,3,63.31999999999999
161,4,138.89999999999998
185,11,89.87000000000002
50,7,30.07
152,74,268.55
334,5,52.44
5,37,689.8299999999999
15,12,2190.17
106,11,177.05
16,20,511.7200000000001
275,7,97.95
15,147,3216.13
247,5,155.67
239,5,281.55
1,15,316.09
263,13,225.32999999999998
22,26,505.8399999999999
51,4,61.3
194,5,90.95000000000002
24,6,89.03
75,6,93.0
17,8,108.83999999999999
7,4,122.94
32,23,445.52000000000004
21,30,444.76000000000005
31,71,1028.3899999999999
28,28,479.06
78,1,34.0
32,56,907.5300000000004
284,4,63.3
203,2,28.37
50,18,212.84
289,9,133.17999999999998
74,5,61.5
5,29,1099.68
217,1,10.4
44,22,449.72999999999996
201,4,63.98
178,17,152.00000000000003
56,51,285.83000000000004
57,7,111.25000000000001
7,25,711.1700000000001
226,3,80.19999999999999
11,24,641.3800000000001
106,12,95.96
58,5,244.95
28,59,501.0999999999999
45,9,613.9200000000001
360,10,65.46000000000001
29,6,196.26000000000002
23,24,143.87999999999997
53,18,258.82000000000005
35,40,991.77
169,27,638.16
53,3,94.68
26,61,652.1800000000002
253,1,60.0
40,58,1010.0500000000003
60,37,392.25
234,5,42.9
4,86,682.1000000000001
31,5,32.53
24,139,856.3799999999997
7,13,118.08000000000003
65,10,122.43
310,18,181.3
308,1,15.600000000000001
18,8,167.62
15,62,575.74
96,16,111.83000000000001
264,25,1040.07
12,151,843.91
2,13,105.75
35,8,85.62999999999998
182,2,18.6
25,12,142.9
12,34,323.34999999999997
11,8,144.39999999999998
2,155,988.8000000000004
312,4,88.44999999999999
108,10,273.22
1,150,2976.2200000000007
53,12,203.05
204,4,70.35
15,17,68.14
120,18,135.36
3,21,114.65
362,7,50.30000000000001
186,29,148.88
18,7,64.11
4,45,120.94000000000001
40,32,103.28999999999999
107,3,15.999999999999998
148,40,161.45999999999995
227,5,507.1600000000001
208,5,12.600000000000001
138,39,164.98999999999998
2,23,64.55000000000001
127,16,104.63000000000001
107,2,290.88
46,32,649.7899999999998
35,11,61.089999999999996
227,20,317.45
241,4,58.83
57,3,69.38
130,31,403.0899999999999
60,95,506.76000000000005
21,22,87.26
26,36,292.49
9,42,389.10999999999996
31,40,408.94
3,30,135.76
308,1,550.8000000000001
8,31,570.11
28,18,119.78000000000002
17,10,35.75
101,13,225.59000000000003
11,15,144.96
21,23,74.55
14,17,143.64000000000001
361,17,62.42
10,25,2686.34
95,2,11.25
78,16,482.79
159,2,3.5
17,8,749.51
28,28,419.42
1,143,1890.29
89,2,742.02
100,24,450.2600000000001
8,32,258.47
19,61,296.0399999999999
21,14,383.93
14,7,122.83
123,1,175.2
85,8,154.83
308,3,85.80000000000001
151,173,607.1999999999998
17,233,2044.3300000000006
365,1,15.0
9,130,3663.8500000000004
156,54,237.77999999999997
355,7,106.34
46,13,54.129999999999995
15,26,147.26999999999998
3,149,649.3199999999996
14,71,381.6399999999999
179,1,7.95
8,19,254.89000000000001
36,7,106.2
129,2,435.0
50,6,315.25
311,6,39.45
24,13,82.99
303,19,126.64
11,3,6.24
17,47,222.2099999999999
49,11,151.02
239,17,162.37
1,134,1486.0400000000002
12,147,1334.5900000000001
238,8,46.0
23,43,294.5899999999999
72,8,107.94
17,20,81.17
40,70,363.78000000000003
40,17,212.45999999999998
218,12,187.57000000000002
190,21,101.72000000000001
70,9,74.05
23,122,1079.2599999999998
11,20,71.60000000000001
24,37,6302.849999999999
4,11,29.13
19,6,266.17
14,14,100.01
7,12,902.3400000000001
19,21,269.66
77,4,346.18
1,65,8678.49
163,1,101.76
306,18,110.97000000000001
39,10,3408.55
22,27,199.54000000000005
114,15,242.63999999999996
126,58,474.2699999999999
30,15,572.81
36,11,99.17000000000002
4,60,9000.229999999998
1,18,151.71000000000004
333,34,693.4999999999998
163,1,12.75
184,3,148.00000000000003
16,23,477.19
12,17,288.48
2,14,281.25
184,1,390.0
79,6,156.79999999999998
29,73,1722.6599999999999
42,10,149.28
11,64,1268.6900000000003
50,9,174.78
16,45,668.9699999999999
46,11,245.26
19,12,246.88000000000002
4,87,1574.56
1,109,5690.489999999998
120,15,175.35000000000002
32,3,66.9
313,10,98.14999999999999
18,9,65.42999999999999
88,17,76.94
2,51,823.0200000000002
1,2,30.599999999999998
253,7,171.10000000000002
156,3,77.4
29,42,723.5899999999999
151,49,841.9
310,3,41.7
40,9,138.23
144,1,1.0
2,64,581.5000000000001
8,111,53999.77
1,33,517.5299999999999
17,10,251.52
233,18,151.84
203,3,49.2
365,3,43.099999999999994
126,6,616.5
15,16,83.31
43,31,167.62999999999997
78,12,180.63
22,45,268.2999999999999
60,8,194.06
16,57,467.87999999999994
158,1,38.25
10,9,156.34
16,22,368.95000000000005
44,21,315.44000000000005
191,55,204.36000000000004
79,3,39.33
73,11,126.25
3,26,419.51
183,2,33.6
261,11,168.62999999999997
58,5,50.519999999999996
1,29,481.9800000000001
1,34,1068.08
248,4,156.15
7,8,144.04999999999998
358,3,58.650000000000006
75,4,44.440000000000005
289,12,193.51999999999998
23,4,628.0
220,5,79.95
9,14,351.36
2,13,144.15
206,37,635.6399999999999
161,15,378.79
70,4,62.94
261,29,209.91
280,13,239.35000000000002
57,106,1800.0199999999995
24,4,59.94
2,339,28979.689999999995
51,26,710.41
72,2,270.0
128,12,55.51
31,22,182.92999999999998
15,38,234.75000000000003
308,2,29.699999999999996
17,26,691.27
53,8,125.6
29,10,152.58
1,31,452.74999999999994
11,10,183.87999999999994
361,2,62.7
359,3,147.00000000000003
1,8,508.40000000000003
53,18,287.56000000000006
1,79,1027.5099999999995
1,119,784.0999999999998
190,3,51.6
53,2,30.299999999999997
177,1,25.5
29,24,310.62
25,1,15.0
8,9,177.09999999999997
269,8,87.17999999999999
43,49,276.67
233,4,1.0
23,1,37.92
197,10,64.97
359,11,82.44
60,20,371.16
129,2,1487.6
1,24,588.4
19,36,171.25000000000003
205,3,114.75
14,8,87.73
94,7,173.10000000000002
19,13,62.45000000000001
14,18,328.5
24,8,64.55
8,48,278.99
7,46,1134.15
332,8,105.11000000000001
50,85,443.9999999999998
99,4,79.2
29,9,105.75000000000001
242,3,69.6
8,119,1037.7400000000002
190,4,59.22
4,19,153.46000000000004
252,17,95.60000000000002
1,127,2730.410000000001
236,11,44.72
7,10,398.5
109,80,383.6299999999998
100,7,205.26000000000005
60,70,784.4899999999999
2,70,544.3900000000001
73,45,585.5999999999999
3,71,1115.2600000000002
85,22,485.18000000000006
12,25,113.86
23,80,752.2100000000003
213,14,604.6000000000001
17,5,75.99
239,3,26.16
2,163,1524.3700000000008
78,5,1.0
217,17,84.82000000000001
33,20,67.53999999999999
40,67,305.09999999999997
7,187,1319.2700000000002
53,41,571.6000000000001
22,100,1458.65
57,28,121.79000000000002
130,4,64.75
5,25,373.32
312,27,66.87
59,1,6.64
21,4,135.3
32,6,86.51
14,14,249.42999999999998
18,105,692.6099999999998
81,2,33.0
5,34,501.30999999999995
169,10,187.14999999999998
1,8,109.19999999999999
31,21,290.37
36,104,909.9500000000008
8,8,50.910000000000004
31,10,168.55
276,3,40.75
86,3,221.57999999999998
119,16,265.28
373,2,26.85
1,48,808.25
219,17,324.20000000000005
65,1,19.8
60,27,533.53
138,16,254.60000000000002
21,3,54.93
11,74,1195.0
25,84,1407.1499999999999
29,10,176.94000000000003
277,10,68.39999999999999
10,26,526.27
73,29,643.8100000000001
10,7,89.78
17,39,710.0800000000002
141,13,47.52000000000001
25,22,424.58
18,15,196.0
3,5,329.16
66,32,585.1199999999999
1,2,47.0
42,23,801.9499999999998
227,5,91.8
15,16,122.39
43,43,731.42
1,69,526.43
74,9,79.14000000000001
1,218,5855.76
4,22,369.79999999999995
1,100,5012.620000000002
263,5,78.0
52,12,710.7499999999999
23,2,27.5
10,32,628.9799999999999
43,4,61.8
16,36,952.1499999999999
7,92,1928.9399999999996
30,68,1183.1000000000001
358,4,62.1
127,14,181.41000000000003
137,4,50.480000000000004
141,6,102.66000000000001
131,16,440.05999999999995
38,34,610.08
236,7,109.30000000000001
260,4,82.65
16,51,913.4000000000003
252,4,82.5
30,28,473.85999999999996
35,18,265.11999999999995
168,16,423.64
3,28,444.81
4,129,3409.0300000000016
336,1,15.0
187,10,103.33000000000001
169,1,49.95
289,4,65.4
44,8,128.91
320,4,60.3
200,1,326.4
22,80,1637.1399999999996
232,2,33.45
37,77,1723.8799999999994
26,18,420.96999999999997
96,24,370.66999999999996
127,4,1907.1000000000004
57,13,346.75
16,60,941.8900000000003
15,22,333.47
3,52,871.3799999999999
3,65,1617.6599999999999
79,25,261.85
372,5,76.5
38,9,127.5
53,16,254.48999999999995
2,197,3764.8699999999985
9,5,86.08
9,5,95.49
19,31,503.8300000000001
11,16,764.66
332,3,43.35
3,41,715.7600000000001
240,3,53.1
100,1,1.0
178,11,200.71000000000004
5,66,599.19
359,1,80.64
1,29,474.81000000000006
1,209,1474.240000000001
19,122,947.8500000000003
17,21,228.14999999999995
21,12,143.35
32,5,267.80999999999995
50,22,234.55
158,16,112.54000000000002
15,6,61.910000000000004
8,39,922.6100000000001
12,103,1471.3700000000003
198,16,360.06
56,20,88.57999999999998
10,14,47.35000000000001
96,56,404.40999999999997
24,68,257.45000000000005
21,27,247.6
159,5,54.19
72,16,77.92000000000002
53,7,73.29
85,24,79.17
152,45,661.3500000000001
129,1,3.25
281,3,34.75
26,58,573.9499999999997
29,2,21.0
25,13,67.09
179,13,88.86000000000001
313,17,130.35
22,33,231.01000000000002
22,117,871.1400000000004
37,34,475.15
82,42,431.6800000000001
73,1,67.5
11,13,200.68
16,19,1236.84
4,279,2333.2799999999997
12,52,232.14999999999995
14,115,521.4899999999998
36,5,13.45
4,9,270.63
71,15,1110.02
359,1,1.0
51,3,55.599999999999994
5,59,500.90999999999997
8,26,871.92
298,9,271.36
1,4,63.0
49,19,62.460000000000015
2,20,126.38
47,5,23.68
42,58,423.7499999999999
26,29,363.59
42,21,135.65
1,2324,11345.320000000016
303,11,58.7
106,1,15.0
81,10,132.29000000000002
218,10,193.75
302,99,1737.2899999999988
11,5,23.35
185,3,104.0
372,4,62.75
1,6,491.73
4,18,9679.279999999999
5,51,1212.3500000000004
304,9,28.67
368,16,47.68000000000001
3,67,639.28
323,3,118.4
59,43,957.52
12,28,183.31000000000003
30,119,3207.0499999999993
142,2,102.8
30,25,609.8100000000002
107,14,209.85999999999999
2,86,898.8100000000002
204,2,33.2
80,15,609.99
185,13,127.42000000000002
170,3,55.8
43,10,138.67999999999998
173,1,17.4
364,8,134.28
304,2,16.45
3,33,142.98
3,38,258.65999999999997
12,18,53.93999999999999
31,28,159.3
129,2,48.4
38,27,174.85000000000002
212,10,130.42000000000002
322,21,132.57000000000002
162,13,86.57000000000002
57,8,57.53999999999999
225,3,13.329999999999998
71,62,436.33000000000004
44,4,26.639999999999997
23,1,103.67999999999999
172,25,112.18000000000002
85,7,41.65
159,10,49.629999999999995
164,4,1.0
29,5,38.68
21,9,53.9
71,12,448.09999999999997
247,4,16.549999999999997
373,17,82.83
9,6,56.160000000000004
359,15,84.61
58,10,78.75
3,17,81.98000000000002
45,19,67.80000000000001
88,2,117.60000000000002
4,206,1301.5000000000005
64,46,263.21000000000004
1,14,1329.5300000000002
133,5,85.75
45,6,55.870000000000005
308,1,98.10000000000001
35,6,195.48000000000002
134,20,92.77000000000001
29,30,456.4800000000001
58,3,101.22
138,6,38.7
5,34,122.33000000000003
8,9,680.6999999999999
159,3,12.600000000000001
164,5,100.80000000000001
130,1,139.2
7,1,1.9
233,4,60.35
37,2,35.04
147,1,358.56000000000006
1,32,21399.280000000002
72,19,123.13000000000001
39,7,396.84000000000003
5,154,633.8500000000001
218,8,162.35000000000002
66,10,32.17
171,5,5.06
21,86,343.5599999999998
142,11,30.64
31,26,96.83000000000001
37,107,829.9800000000005
37,26,518.3
371,8,36.25
373,27,78.04
166,5,75.9
211,8,267.05
241,13,70.05
51,2,74.1
24,67,291.25999999999993
15,98,1752.5300000000002
372,11,48.25
29,8,68.44
365,2,10.55
35,36,228.48000000000002
165,7,206.95000000000002
145,13,36.59
22,4,122.5
56,1,20.8
185,2,16.68
11,8,13.740000000000002
236,10,180.06
225,2,28.45
121,21,117.56000000000002
74,59,505.2600000000001
37,28,114.75000000000001
12,17,79.80999999999999
362,11,45.589999999999996
3,20,80.85000000000001
23,6,158.63
70,7,114.97
235,9,42.8
256,4,84.95
373,10,38.31
155,6,63.36000000000001
28,6,18.98
4,14,32.69
32,34,339.2399999999999
81,1,179.0
108,14,69.41999999999999
51,2,8.7
35,56,178.39999999999998
152,6,125.57
98,7,46.76
4,3,104.94999999999999
334,3,38.7
65,8,20.79
21,33,165.27
35,18,245.93999999999997
32,33,135.05
225,8,17.520000000000003
19,10,199.20000000000002
11,126,1187.2200000000005
53,1,9.9
24,40,155.98000000000002
4,35,546.3000000000002
45,11,37.48
203,3,112.34
66,7,69.49
7,115,2258.41
288,5,83.4
9,1,81.6
9,5,59.46999999999999
65,11,667.51
173,8,225.3
133,3,210.5
5,46,844.41
75,3,91.5
40,13,125.09
289,1,101.69999999999999
26,145,680.06
257,5,89.95
155,13,29.040000000000003
114,24,1279.69
373,4,104.7
23,48,827.12
8,55,678.2300000000001
217,6,42.04
45,39,1094.1200000000001
242,1,841.4999999999999
36,6,115.5
25,20,146.76
330,13,238.85
274,2,36.0
98,4,658.9999999999999
61,20,96.84
29,22,2287.34
120,9,372.6
81,25,1066.6200000000001
312,8,255.89999999999998
11,67,291.93
7,35,765.89
127,9,68.36
11,14,86.12
1,138,84048.91999999998
37,15,297.9
37,8,48.050000000000004
329,9,209.55
248,9,136.20000000000002
1,141,2126.0200000000013
19,16,37.94999999999999
12,13,175.7
290,10,70.9
67,107,415.51999999999987
25,29,119.82000000000001
10,363,1657.280000000001
367,11,49.88
214,4,17.4
154,9,228.15
8,113,548.6499999999999
24,8,89.53
29,61,319.85999999999996
60,10,35.169999999999995
19,10,56.06
243,3,44.7
8,27,356.60999999999996
31,4,181.79000000000002
63,13,188.6
295,2,23.4
17,61,3601.6199999999994
157,5,311.64000000000004
116,16,274.24
30,13,603.8500000000001
12,72,981.0699999999997
140,2,30.900000000000006
108,1,18.96
215,8,256.84999999999997
32,17,262.8
134,16,268.37
3,9,182.64999999999998
75,14,183.48
12,38,166.92999999999998
9,8,91.14999999999999
301,6,94.19999999999999
57,11,171.54999999999998
10,21,354.37000000000006
37,6,81.17
177,3,113.03999999999999
23,18,622.2299999999999
176,37,302.91
60,3,95.7
33,9,300.02000000000004
99,11,184.73999999999998
30,56,2125.1299999999997
86,8,520.0600000000001
353,12,145.25000000000003
31,24,414.0500000000001
128,19,312.84999999999997
9,29,722.7100000000002
4,32,491.34000000000003
24,9,68.5
218,16,172.89999999999998
249,7,135.05
15,23,608.0899999999999
77,21,343.14
192,5,106.6
261,3,83.0
71,15,270.8
150,6,28.409999999999993
64,2,64.16
95,49,205.74000000000004
4,42,1658.85
106,6,20.33
199,18,339.70000000000005
157,10,110.30000000000001
71,53,527.28
36,13,236.03
28,2,40.2
1,41,763.0100000000001
25,17,295.17
326,15,80.37999999999998
236,7,117.5
89,1,30.599999999999998
31,11,236.10000000000002
29,8,114.21000000000001
211,12,320.86000000000007
2,48,900.8899999999999
226,1,152.64000000000001
22,17,263.20000000000005
92,6,111.55
1,86,1932.5700000000002
263,2,28.05
3,94,1785.6799999999992
44,77,1734.8099999999997
217,1,25.5
56,9,259.71000000000004
11,45,1791.9399999999998
9,24,651.0300000000001
192,36,557.0500000000001
157,15,205.63000000000002
71,38,669.8600000000001
29,14,241.59
65,20,285.78
218,34,573.5699999999999
46,1,297.0
9,33,642.15
72,30,792.88
7,53,723.7900000000002
122,11,249.85000000000002
17,4,54.18
310,6,100.97
87,6,1448.6399999999999
50,43,265.89
89,1,9.899999999999999
354,1,1.0
39,38,676.43
24,12,720.0000000000001
172,51,1032.5
43,7,108.0
140,4,46.760000000000005
23,28,531.8600000000001
72,13,219.35000000000002
134,1,1.0
366,1,39.599999999999994
38,6,97.35
2,44,758.4599999999998
95,1,102.0
17,7,12.120000000000001
43,4,70.58000000000001
58,2,0.7699999999999996
73,3,61.7
277,4,79.0
7,4,50.160000000000004
3,226,667.8399999999996
58,21,614.9000000000001
